ID,Bin,Fecha,Calidad,Nombre,Calibre,KgDisponibles
202993,canastas,2026-09-28,PE1,piña special 1ra,0.0 - 1.0,536
202994,canastas,2026-09-28,PE1,piña special 1ra,0.0 - 1.0,534
202995,canastas,2026-09-28,PE1,piña special 1ra,0.0 - 1.0,494
202999,canastas,2026-09-28,PE1,piña special 1ra,0.0 - 1.0,517
203003,canastas,2026-09-28,PE1,piña special 1ra,0.0 - 1.0,549
203006,canastas,2026-09-28,PE1,piña special 1ra,0.0 - 1.0,534
203007,canastas,2026-09-28,PE1,piña special 1ra,0.0 - 1.0,499
203012,canastas,2026-09-28,PE1,piña special 1ra,0.0 - 1.0,350
203013,canastas,2026-09-28,PE1,piña special 1ra,0.0 - 1.0,495
203019,canastas,2026-09-28,PE1,piña special 1ra,0.0 - 1.0,531
203026,canastas,2026-09-28,PE1,piña special 1ra,0.0 - 1.0,525
203027,canastas,2026-09-28,PE1,piña special 1ra,0.0 - 1.0,630
203033,canastas,2026-09-28,PE1,piña special 1ra,0.0 - 1.0,524
203037,canastas,2026-09-28,PE1,piña special 1ra,0.0 - 1.0,536
203042,canastas,2026-09-28,PE1,piña special 1ra,0.0 - 1.0,556
203045,canastas,2026-09-28,PE1,piña special 1ra,0.0 - 1.0,517
203053,canastas,2026-09-28,PE1,piña special 1ra,0.0 - 1.0,594
203056,canastas,2026-09-28,PE1,piña special 1ra,0.0 - 1.0,510
203062,canastas,2026-09-28,PE1,piña special 1ra,0.0 - 1.0,577
203068,canastas,2026-09-28,PE1,piña special 1ra,0.0 - 1.0,608
203073,canastas,2026-09-28,PE1,piña special 1ra,0.0 - 1.0,542
203074,canastas,2026-09-28,PE1,piña special 1ra,0.0 - 1.0,607
203083,canastas,2026-09-28,PE1,piña special 1ra,0.0 - 1.0,199
203093,canastas,2026-09-28,PE1,piña special 1ra,0.0 - 1.0,544
203096,canastas,2026-09-28,AD1,Piña AD1,0.0 - 1.0,586
203098,canastas,2026-09-28,AD1,Piña AD1,0.0 - 1.0,603
203100,canastas,2026-09-28,AD1,Piña AD1,0.0 - 1.0,530
203101,canastas,2026-09-28,AD1,Piña AD1,0.0 - 1.0,604
203104,canastas,2026-09-28,AD1,Piña AD1,0.0 - 1.0,598
203105,canastas,2026-09-28,AD1,Piña AD1,0.0 - 1.0,546
203106,canastas,2026-09-28,AD1,Piña AD1,0.0 - 1.0,605
203107,canastas,2026-09-28,AD1,Piña AD1,0.0 - 1.0,565
203110,canastas,2026-09-28,AD1,Piña AD1,0.0 - 1.0,615
203112,canastas,2026-09-28,AD1,Piña AD1,0.0 - 1.0,582
203114,canastas,2026-09-28,AD1,Piña AD1,0.0 - 1.0,534
203115,canastas,2026-09-28,AD1,Piña AD1,0.0 - 1.0,607
203116,canastas,2026-09-28,AD1,Piña AD1,0.0 - 1.0,573
203118,canastas,2026-09-28,AD1,Piña AD1,0.0 - 1.0,598
203120,canastas,2026-09-28,AD1,Piña AD1,0.0 - 1.0,552
203128,canastas,2026-09-28,AD1,Piña AD1,0.0 - 1.0,482
203129,canastas,2026-09-28,AD1,Piña AD1,0.0 - 1.0,576
203130,canastas,2026-09-28,AD1,Piña AD1,0.0 - 1.0,168
203138,canastas,2026-09-29,PE1,piña special 1ra,0.0 - 1.0,567
203141,canastas,2026-09-29,PE2,piña special 2da,1.5 - 2.5,189
203142,canastas,2026-09-29,PE1,piña special 1ra,0.0 - 1.0,573
203143,canastas,2026-09-29,PE2,piña special 2da,0.0 - 1.0,502
203144,canastas,2026-09-29,PE1,piña special 1ra,0.0 - 1.0,572
203147,canastas,2026-09-29,PE1,piña special 1ra,1.5 - 2.5,567
203148,canastas,2026-09-29,PE1,piña special 1ra,0.0 - 1.0,541
203150,canastas,2026-09-29,PIND,piña indstria,1.5 - 2.5,501
203153,canastas,2026-09-29,PE1,piña special 1ra,0.0 - 1.0,548
203154,canastas,2026-09-29,PE1,piña special 1ra,1.5 - 2.5,331
203156,canastas,2026-09-29,PE1,piña special 1ra,1.5 - 2.5,600
203157,canastas,2026-09-29,PE2,piña special 2da,1.5,91
203158,canastas,2026-09-29,PE1,piña special 1ra,3.0 - 4.0,134
203159,canastas,2026-09-29,PE1,piña special 1ra,0.0 - 1.0,559
203160,canastas,2026-09-29,PE1,piña special 1ra,0.0 - 1.0,561
203166,canastas,2026-09-29,PE1,piña special 1ra,1.5 - 2.5,581
203167,canastas,2026-09-29,PE1,piña special 1ra,0.0 - 1.0,545
203172,canastas,2026-09-29,PE2,piña special 2da,0.0 - 1.0,513
203174,canastas,2026-09-29,PE1,piña special 1ra,0.0 - 1.0,574
203177,canastas,2026-09-29,PE1,piña special 1ra,0.0 - 1.0,569
203178,canastas,2026-09-29,PE2,piña special 2da,0.0 - 1.0,507
203180,canastas,2026-09-29,PIND,piña indstria,1.5 - 2.5,498
203181,canastas,2026-09-29,PE1,piña special 1ra,0.0 - 1.0,575
203182,canastas,2026-09-29,PE1,piña special 1ra,0.0 - 1.0,549
203184,canastas,2026-09-29,PE1,piña special 1ra,0.0 - 1.0,558
203186,canastas,2026-09-29,PE2,piña special 2da,0.0 - 1.0,510
203187,canastas,2026-09-29,PE1,piña special 1ra,0.0 - 1.0,574
203190,canastas,2026-09-29,PE1,piña special 1ra,0.0 - 1.0,566
203191,canastas,2026-09-29,PE1,piña special 1ra,0.0 - 1.0,559
203193,canastas,2026-09-29,PE1,piña special 1ra,0.0 - 1.0,550
203194,canastas,2026-09-29,PE2,piña special 2da,0.0 - 1.0,513
203195,canastas,2026-09-29,PIND,piña indstria,1.5 - 2.5,502
203197,canastas,2026-09-29,PE2,piña special 2da,0.0 - 1.0,531
203203,canastas,2026-09-29,PE2,piña special 2da,1.5 - 2.5,605
203204,canastas,2026-09-29,PE1,piña special 1ra,0.0 - 1.0,536
203207,canastas,2026-09-29,PE1,piña special 1ra,1.5 - 2.5,602
203208,canastas,2026-09-29,PE2,piña special 2da,1.5 - 2.5,483
203209,canastas,2026-09-29,PE1,piña special 1ra,0.0 - 1.0,233
203210,canastas,2026-09-29,PE1,piña special 1ra,3.0 - 4.0,34
203211,canastas,2026-09-29,PE2,piña special 2da,0.0 - 1.0,63
203213,canastas,2026-09-29,PE1,piña special 1ra,0.0 - 1.0,528
203221,canastas,2026-09-29,AD1,Piña AD1,0.0 - 1.0,573
203222,canastas,2026-09-29,PE2,piña special 2da,0.0 - 1.0,500
203223,canastas,2026-09-29,AD1,Piña AD1,0.0 - 1.0,554
203226,canastas,2026-09-29,PE2,piña special 2da,1.5 - 2.5,139
203227,canastas,2026-09-29,AD2,Piña AD2,0.0 - 1.0,528
203228,canastas,2026-09-29,AD1,Piña AD1,0.0 - 1.0,560
203229,canastas,2026-09-29,AD1,Piña AD1,0.0 - 1.0,565
203231,canastas,2026-09-29,AD2,Piña AD2,0.0 - 1.0,505
203232,canastas,2026-09-29,AD1,Piña AD1,0.0 - 1.0,573
203235,canastas,2026-09-29,AD1,Piña AD1,0.0 - 1.0,582
203236,canastas,2026-09-29,AD1,Piña AD1,0.0 - 1.0,542
203237,canastas,2026-09-29,AD1,Piña AD1,0.0 - 1.0,570
203239,canastas,2026-09-29,AD1,Piña AD1,0.0 - 1.0,564
203240,canastas,2026-09-29,AD-PIND,AD-piña indstria,1.5 - 2.5,525
203241,canastas,2026-09-29,AD1,Piña AD1,0.0 - 1.0,591
203243,canastas,2026-09-29,AD2,Piña AD2,0.0 - 1.0,527
203244,canastas,2026-09-29,AD2,Piña AD2,0.0 - 1.0,446
203245,canastas,2026-09-29,AD1,Piña AD1,0.0 - 1.0,174
203246,canastas,2026-09-29,AD-PIND,AD-piña indstria,1.5 - 2.5,71
203248,canastas,2026-09-29,AD2,Piña AD2,1.5 - 2.5,75
203249,canastas,2026-09-29,AD1,Piña AD1,1.5 - 2.5,51
203252,canastas,2026-09-29,AD-PJUG,AD-PJUG,3.0 - 4.0,545
203254,canastas,2026-09-29,AD-PJUG,,3.0 - 4.0,260
203255,canastas,2026-09-29,AD1,Piña AD1,0.0 - 1.0,297
203257,canastas,2026-09-29,PJUG,piña jugos,3.0 - 4.0,348
203261,canastas,2026-09-30,PE1,piña special 1ra,1,546
203262,canastas,2026-09-30,PE1,piña special 1ra,1,564
203263,canastas,2026-09-30,PE1,piña special 1ra,0.0 - 1.0,586
203264,canastas,2026-09-30,PE1,piña special 1ra,1,569
203266,canastas,2026-09-30,PE1,piña special 1ra,1.5 - 2.5,568
203267,canastas,2026-09-30,PE2,piña special 2da,1.5,401
203268,canastas,2026-09-30,PE2,piña special 2da,0.0 - 1.0,488
203269,canastas,2026-09-30,PE1,piña special 1ra,1,576
203270,canastas,2026-09-30,PE1,piña special 1ra,1.5 - 2.5,555
203271,canastas,2026-09-30,PE1,piña special 1ra,0.0 - 1.0,586
203272,canastas,2026-09-30,PE2,piña special 2da,1.5,406
203273,canastas,2026-09-30,PIND,piña indstria,1.5 - 2.5,378
203274,canastas,2026-09-30,PE1,piña special 1ra,0.0 - 1.0,554
203275,canastas,2026-09-30,PE1,piña special 1ra,1.5 - 2.5,561
203276,canastas,2026-09-30,PE1,piña special 1ra,1,583
203277,canastas,2026-09-30,PIND,piña indstria,1.5 - 2.5,449
203278,canastas,2026-09-30,PE1,piña special 1ra,1.5 - 2.5,554
203279,canastas,2026-09-30,PE1,piña special 1ra,0.0 - 1.0,576
203280,canastas,2026-09-30,PE1,piña special 1ra,1.5 - 2.5,581
203281,canastas,2026-09-30,PE1,piña special 1ra,1,584
203282,canastas,2026-09-30,PE2,piña special 2da,1.5,405
203283,canastas,2026-09-30,PE1,piña special 1ra,3.0 - 4.0,539
203284,canastas,2026-09-30,PE2,piña special 2da,1.5,302
203285,canastas,2026-09-30,PE2,piña special 2da,1.5 - 2.5,500
203286,canastas,2026-09-30,PIND,piña indstria,1.5 - 2.5,461
